reg_id;Region;year;1;2;3;4;5;6;7;8;9;10;11;12
R1;Achensee;2593,229279;2257,155045;2731,365979;2086,323308;1570,512974;2111,692324;2688,81771;1892,204356;1320,298743;930,8653638;1599,920596;971,3397554;1317,493919
R2;Alpbachtal und Tiroler Seenland;1727,487076;1492,613423;2307,946329;2057,243809;965,479935;775,5908493;946,1645414;954,7742168;720,2796082;371,5155085;1148,826494;413,4013305;823,8912076
R3;Alpenregion Bludenz;2032,532458;1946,013397;2590,421489;1987,542175;1275,393039;1852,386787;2305,770342;2102,135182;2354,288886;1573,064155;1917,95185;707,4476919;1735,612634
R4;Arlberg;4065,322073;2100,672272;2664,738634;3032,342169;2628,108778;29,46932267;488,7051946;720,6344374;751,0775235;458,3052976;154,8564807;147,2839748;1794,483933
R5;Ausseerland-Salzkammergut;1436,445015;1406,349635;2717,627331;1541,018771;1193,338013;1484,724991;2425,987291;3454,27644;3135,539597;2022,451092;2162,725519;930,0785867;1666,348394
R6;Bad Kleinkirchheim;2482,005347;2352,947068;1892,146547;3557,197761;675,8426705;760,4413853;1482,376837;1035,983323;971,4873799;520,4763803;744,1664852;248,3730592;1134,29844
R7;Bodensee-Vorarlberg;1507,472324;2137,060795;2158,007356;1911,404871;2068,488572;2510,514137;2767,827103;3707,175381;3496,07592;2554,396338;2758,169871;1714,122261;1934,045715
R8;Bregenzerwald;3543,167825;3007,029033;4285,057793;3993,907575;2626,754134;2151,073352;2540,562441;2380,060542;2637,16555;1135,721766;2087,54991;366,2914293;2291,830647
R9;Carnica Region Rosental;431,0031527;133,2402665;159,4925857;111,5326662;208,9162757;267,9465671;204,9064885;370,9111968;383,6482545;188,8293438;154,6896225;113,8689852;107,7255891
R10;Donau NÖ;2085,255297;1833,712537;1521,993341;1580,393961;2316,301041;2252,258564;2519,500052;2830,660099;2947,701992;1969,157823;2067,546262;1520,083433;2399,595522
R11;Donau Oberösterreich;707,1820691;668,6028606;736,6977224;842,9159828;1194,064982;1191,58359;1186,874213;1163,723749;940,4585445;989,1060659;1019,87427;802,876234;504,101902
R12;Erste Ferienregion im Zillertal;5070,563208;5115,992435;5985,514677;5069,753002;3442,13771;2637,981233;3675,53958;5172,915128;5814,138892;2286,173746;3202,883717;1043,973814;3820,254787
R13;Ferienland Kufstein;762,2253339;1005,766308;1633,624956;1268,597194;923,3105777;875,8160136;968,628119;1102,998694;894,6108754;835,7549963;1145,336033;977,8920946;924,2520562
R14;Ferienregion Hohe Salve;1413,147718;1723,594192;1640,952442;1466,308565;423,6091123;1097,413435;1070,65612;1452,380754;1571,411426;808,320477;1113,939616;268,4578046;1158,89564
R15;Ferienregion Nationalpark Hohe Tauern;8055,247432;10540,87893;12664,5553;8222,538025;5674,457274;4429,01081;6327,969;10433,91912;11598,47923;3584,116315;4867,096525;1332,884646;7605,989055
R16;Fuschlsee;900,1377878;646,1292284;733,5871985;268,0121239;401,9913046;485,0446648;640,4252012;561,1897544;429,7601585;387,858299;400,215993;341,0430188;536,4020512
R17;Gasteinertal;4562,98427;5769,138341;5442,218695;4559,400825;2469,106408;1335,292376;2427,46277;3634,582908;2892,022245;1072,814522;2085,311267;1544,73712;2943,085387
R18;Großarltal;1671,860665;1187,211052;1846,297827;1952,572976;1779,857996;987,2209826;1251,043828;1341,63685;1769,432322;577,855801;1045,912914;697,895817;1475,026706
R19;Hochkönig;2988,579735;2733,308784;2899,473535;2608,790968;1373,749177;2519,225779;3488,134412;5359,948146;5266,123325;2202,851799;2837,760247;807,1300611;2105,72351
R20;Hochsteiermark;794,1652141;968,0074299;896,9082611;575,4831122;612,2088998;925,5307148;969,2131336;1081,790407;1528,840826;684,4417505;1059,428908;584,7042839;581,5539799
R21;Hohe Tauern - die Nationalparkregion in Kärnten;1944,847504;2116,207415;2258,068252;1996,748236;1490,144162;562,393488;696,4973387;1076,397686;1262,955492;1121,048705;547,9707452;622,2859067;1167,212741
R22;Imst Tourismus;602,7868586;806,4667707;1112,920953;610,2220434;513,288946;710,4925394;586,6382416;633,7127345;503,5701018;471,6505815;390,3728548;406,9653908;377,1918433
R23;Innsbruck und seine Feriendörfer;3160,377625;6311,196255;6587,286016;4869,569506;5754,617424;5116,411263;5723,459219;6345,587522;5423,64272;4205,104804;5084,57106;4718,020709;7506,579793
R24;Innviertel-Hausruckwald;671,8305294;1056,906512;1200,31769;1277,973435;707,7059634;754,6517428;680,2144722;930,4825737;504,4410978;520,1281606;486,7951842;556,2672924;662,412053
R25;Kaiserwinkl;1575,450964;1585,227275;2118,589044;1523,878851;1267,567618;1694,772108;2033,901617;1581,247401;725,7425969;798,7238495;1042,407867;450,2987696;620,3367292
R26;Kärnten-Mitte;839,3552643;355,0377159;399,7134768;231,5039374;329,2195836;422,094651;591,8116361;789,6997362;843,3365875;398,4407275;373,4955358;234,7725191;239,1910552
R27;Katschberg-Rennweg;1061,771059;1136,181621;716,1818935;1237,667488;804,6108504;828,8757042;1303,122421;935,3386821;592,7395736;509,4009496;1110,493084;349,6533731;756,8576884
R28;Kitzbühel Tourismus;2190,617137;3151,286752;2707,77217;2951,871897;1007,46953;1240,270919;1587,478403;1963,021021;2056,574168;1575,42943;1154,690601;865,9600681;1400,534919
R29;Kitzbüheler Alpen - Brixental;4255,948421;3818,145151;3361,966303;4388,840762;947,8762817;1863,183272;2219,474687;2505,008319;2397,718691;864,4754882;1473,994793;746,3204577;2400,275429
R30;Kitzbüheler Alpen-St.Johann i.T.;1979,851045;2588,938999;2900,030368;2297,955098;927,3493911;1460,041779;1777,265153;1827,26562;989,0743971;811,0097429;1162,435104;412,232408;967,8592266
R31;Klagenfurt;532,7326227;367,9754312;370,6360105;421,2860177;744,5481315;698,9948672;739,6189922;836,0198679;1083,716877;586,9600813;657,1982405;361,9654093;400,3113614
R32;Kleinwalsertal;2838,764235;1647,184438;2492,093188;3437,458625;1962,888255;2082,762357;3018,516724;2802,610311;2064,82318;1274,556834;1878,973496;266,7223152;1471,845496
R33;Klopeiner See - Südkärnten;3566,956835;410,6924322;532,9098142;387,9658072;527,5800507;873,2313216;1418,219296;2976,901767;3953,077376;689,2808166;444,26029;239,0823881;286,1362048
R34;Lavanttal;408,1132549;841,769632;902,8343537;762,1254112;300,2366368;507,3899894;646,664946;793,5614788;599,3288106;587,8603115;475,2605951;378,3581973;376,1091436
R35;Lechtal;1040,911553;1148,007564;1877,657168;1402,16474;830,5970433;833,5290135;1657,756026;1247,14252;1360,869008;1128,38433;513,3202166;202,9399359;841,5463271
R36;Lieser- und Maltatal;691,6229677;1036,050967;1087,288518;971,8290674;348,6392935;494,916653;369,8690829;525,1674846;517,5448332;334,2752973;345,6246312;77,32689399;382,162502
R37;Linz;1203,676792;2872,170966;2975,385393;3498,203274;3848,571627;4231,848245;4525,736721;4517,863863;4492,425186;4675,683822;4243,319345;1570,909295;1698,564732
R38;Lungau;2686,518347;3029,893695;4469,686795;2187,642845;1367,552739;1074,004244;1935,159724;4197,407416;4362,367275;867,0789673;788,9952823;274,7913894;2809,789889
R39;Mayrhofen;6718,630315;5732,454786;5302,629364;6296,221709;4288,536581;1969,029971;3423,357752;3981,632464;3829,675192;1900,161707;1239,07776;420,4002245;3431,662032
R40;Millstätter See;2658,223131;982,6254521;1185,050554;679,1614108;650,0981809;939,4310527;1204,530313;1714,788094;2016,348451;711,549504;498,8702025;239,8812271;597,1870389
R41;Mittelburgenland;337,4775952;257,5005185;350,7327239;429,7672692;868,3275065;811,9478424;966,0581281;971,4220248;1026,15839;356,0362897;384,8858221;258,8080317;383,9597584
R42;Montafon;5410,863957;4679,314227;6546,367898;5302,371271;4136,280823;2487,931469;3022,437879;3353,120199;3927,776633;2144,581114;3162,729549;1358,754268;3855,716597
R43;Mostviertel;874,1123038;1533,085887;1617,325587;1401,327045;1262,05959;1842,402644;2102,534276;2478,794659;3033,076249;1696,105209;1678,773386;1036,965699;1198,397929
R44;Mühlviertel;534,5627446;924,9311924;759,484165;781,8598039;911,2412044;1017,666182;1034,215126;782,2862296;759,6727126;744,9071113;1126,191295;968,785255;1008,723409
R45;Nassfeld-Pressegger See Lesachtal Weissensee;5006,681333;4265,689428;4678,203424;2721,669122;1302,46654;1590,196353;3341,979728;3539,144103;2900,251495;1217,581884;1254,972483;268,6957005;3200,896915
R46;Nationalpark Kalkalpen Region;278,5318058;353,5566191;288,6452835;272,5633294;257,1685954;393,1712397;475,6781471;582,1036696;489,0061498;312,028608;393,4907983;399,1834991;262,7326298
R47;Naturparkregion Reutte;653,7147592;615,7508951;1040,853983;685,9761939;608,6827716;811,7994035;965,4454926;978,3464115;1035,610571;481,1136105;697,7595534;359,6514381;446,8030581
R49;Nockberge;969,7705318;710,0671777;673,9604558;783,3333455;527,3531245;657,7291815;886,2597462;1235,162541;1715,048502;420,3287175;386,647271;90,7085176;388,4711633
R50;Nordburgenland;2844,43458;1062,185204;1105,074196;996,1417548;1344,608092;1275,153957;1467,753687;859,4209558;1675,723128;1014,551067;1509,68706;1342,519615;1602,81161
R51;Obertauern;4238,58236;2975,941265;3571,108231;2585,363157;3104,565687;169,9857074;285,2100299;615,4691142;878,0395133;235,9598048;187,6861383;796,2173806;2949,06564
R52;Osttirol;4550,995398;2701,890759;3941,012299;3207,007005;2089,627589;1894,708865;3988,979514;4010,79122;2675,429642;2178,171439;2539,145133;854,0481364;2368,998926
R53;Ötztal Tourismus;10376,89015;9157,530587;10981,40795;8262,274147;10005,92972;1940,869889;5207,466325;6477,82356;7120,093304;3035,673354;2102,892905;2569,442974;9198,815099
R54;Paznaun - Ischgl;9940,604927;8220,616695;7658,255634;6054,314075;7079,520783;2445,361644;870,6933094;3911,038879;4988,568786;1550,055411;1076,715055;1495,315592;6622,235223
R55;Pillerseetal;2200,982343;2017,47074;2466,085759;2373,666938;849,9700309;1274,127008;1610,190611;1999,69129;1944,474245;762,6392798;1419,404689;365,3256305;1792,762761
R56;Pitztal;2001,029592;2208,853238;2528,01969;2189,861929;2833,373727;698,0971749;987,0682616;1205,132656;1519,678168;768,8458899;562,1595356;417,7024567;1411,329424
R57;Pongau allgemein;499,9842583;840,7995145;911,8592827;447,1612355;553,4717136;509,5792977;727,3524829;889,3998715;1074,214531;913,888589;485,8465074;344,6385823;863,4948942
R58;Pyhrn-Priel;763,9981712;903,8365531;1174,221492;703,4215205;417,7341856;658,8252891;1019,133477;1292,119895;1394,72285;547,2035697;808,4633325;294,4802589;682,0724799
R59;Region Graz;1561,007489;2190,296475;2425,000945;2928,585651;3324,174158;3446,708188;3723,429918;4521,882463;4853,084429;3284,382758;3335,157485;2844,741994;3629,608608
R60;Region Hall - Wattens;278,753725;426,2846381;548,8428645;374,9711235;553,3045734;621,9566205;761,2677133;972,8462169;892,6322701;604,2720758;543,0674774;464,0407444;672,5279321
R61;Region Villach;4921,912184;2441,161861;2532,736652;1270,006179;1091,755687;1927,361137;2572,313768;2413,955672;2085,710758;791,9707514;1599,015038;1307,365522;1801,953015
R62;Saalbach-Hinterglemm;7758,033897;6595,556717;6964,814154;7808,529523;2952,650343;1509,077628;4978,144465;7880,167699;8338,897239;3198,773198;1545,08486;334,1308864;5032,733536
R63;Saalfelden-Leogang;1866,80657;1920,434626;2971,732786;2618,957986;1321,369111;1879,355959;2507,364358;2584,387712;3024,80719;1589,394754;2233,390718;827,1737243;1816,54598
R64;Salzburger Saalachtal;1160,834136;1083,081004;1382,149063;1046,870072;538,9504318;894,4938279;1138,215322;817,2617681;726,7699123;606,5367677;638,5409703;120,6030399;647,5481086
R65;Salzburger Seenland;349,5281759;134,6554099;184,5171691;154,4196721;144,9835263;176,231387;193,4972437;217,2900201;330,3481336;201,8980036;189,0050954;198,8629823;192,3311318
R66;Salzburger Sonnenterrasse;125,027235;310,6246868;410,0929237;252,9694123;204,8398217;172,8044939;193,8700563;229,7761256;310,6422285;202,5014308;148,7640306;48,02169267;145,3474251
R67;Salzburger Sportwelt;12032,20904;11573,19776;12006,09792;11603,92811;5449,68529;4242,222614;8344,19821;12612,87704;13524,63275;4063,52659;4812,823427;1163,82384;10150,99153
R68;Salzkammergut;5024,500961;2882,977476;3299,403048;3078,286691;5217,591199;6138,580282;8095,618612;7926,788686;7030,762084;5856,868017;5711,858106;2929,005937;4005,026849
R69;Schladming-Dachstein;8376,457005;9001,164959;12779,56573;7436,552026;3403,60781;4718,174097;9603,873085;13580,49591;14465,60899;5733,409875;4278,351409;1185,323353;7431,26718
R70;Seefeld;3809,085951;4244,589071;4320,998139;2831,884872;2014,708178;3343,572249;3385,708908;2542,60973;1624,261036;1506,30799;2338,778596;2381,777885;2237,647633
R71;Serfaus-Fiss-Ladis;7715,920515;6525,063247;6282,519573;6306,369166;6473,598456;209,1247357;2524,996593;7083,372296;6828,849298;2542,834206;2629,167057;100,6879014;5513,055165
R72;Silberregion Karwendel;530,7134993;1056,004086;996,0115166;366,2511862;380,1310021;489,8285356;412,0657634;539,0318749;485,5700219;531,0067494;461,7831884;294,853963;444,749748
R73;Sonstige;296,3827256;318,8847704;384,2355622;278,9905161;290,6228921;446,2957852;627,0291222;735,9397922;740,6296946;623,7914199;641,1336608;272,0035337;358,2654343
R74;St.Anton am Arlberg;5561,797817;4472,078886;4455,999746;4241,787413;3223,135933;436,9269813;654,3398699;2525,128318;3032,937496;780,9425459;414,4202649;359,7796235;2916,947239
R75;Stadt Salzburg;3379,163733;5779,133348;5515,70428;5035,493416;6115,629028;6528,923068;7709,662949;7667,588215;6740,939469;6184,94789;7450,086062;5066,933255;7858,363539
R76;Stubai Tirol;2927,458193;3027,637529;4322,670593;4143,773917;4842,900841;1157,247675;2361,045358;3667,039361;2350,554698;1592,334999;1788,712491;2222,606756;2365,854141
R77;Südburgenland;703,8929721;1783,181362;1914,731897;2035,831647;1717,539958;1554,073658;1469,053331;1562,175304;1863,842203;1295,452868;1446,222188;1759,513974;1400,153605
R78;Süd-Weststeiermark;1288,490525;503,7651967;528,4229878;793,0899523;1292,058186;1676,826239;2184,895803;2466,872583;2679,886833;2126,846742;1874,349227;729,5303564;500,6968933
R79;Tannheimer Tal;1617,303411;1345,924622;2025,378351;1667,618577;998,2066264;1853,034488;2351,298641;1875,915508;1240,92712;1031,150555;1510,532797;727,2940698;610,0731478
R80;Tennengau - Dachstein West;1645,75519;1440,646291;1887,112994;1571,296592;872,9660534;1268,316798;1885,982722;2270,063998;2427,528017;925,3678145;1178,918703;603,0465635;1014,788363
R81;Tennengebirge;642,7497443;763,5799897;991,1436039;783,1449337;542,8814773;651,3209956;810,661954;863,1619528;960,6119789;585,2848122;918,9488998;346,9978328;539,7649634
R82;Thermenland Steiermark - Oststeiermark;2340,386452;1888,737698;1624,852393;2264,103851;2230,03525;1687,17519;3066,661232;2069,739166;1765,202575;1520,507651;1987,045791;1242,588345;866,4010229
R83;Tirol West;558,6906407;801,6670367;1024,622693;872,1794255;405,0785753;267,7440648;368,4326582;560,354259;255,7733843;368,882098;224,6103077;232,6316135;456,1015896
R84;Tiroler Oberland;3143,292286;3007,690941;3600,953162;3779,554878;2978,78278;1261,925833;2422,731193;1907,783489;1778,034666;885,3151039;675,4868603;408,0851559;1909,627131
R85;Tiroler Zugspitz Arena;3425,484706;3076,626902;3552,787012;3275,002736;1808,649057;3040,140961;4473,691858;4777,031802;4799,771505;2894,04405;3030,350922;1051,476775;2575,821741
R86;Tux - Finkenberg;1902,914276;1430,532243;1997,494037;1718,919662;2775,147853;327,3685705;1372,835166;1596,267061;1746,207564;567,6684601;973,1495265;562,7948216;1352,816184
R87;Umgebungsorte Salzburg Stadt;837,2209997;823,8597841;1065,556494;1086,461534;939,26571;872,7406404;1452,685645;1950,616513;1144,297018;704,1809385;1023,706513;541,6012996;779,3096493
R88;Urlaubsregion Murtal;2799,223807;4754,460543;5240,379348;3267,370925;1179,649882;1146,931061;2363,921356;3562,576829;3989,507196;1351,409867;1125,575424;528,1730506;4298,081201
R89;Waldviertel;1079,889;1358,873263;1301,220284;1275,534766;938,3734778;1241,86738;839,9759817;957,9573566;806,6784313;1200,506702;1062,329095;1333,162138;1064,996321
R90;Weinviertel;373,2327027;402,7501341;396,1404817;474,0226956;576,1246178;579,1291854;697,2039082;691,9678518;526,8370799;597,9628598;575,4815902;500,4856908;592,5397126
R91;Wien;17287,57177;35663,52762;36859,67177;35022,75174;45979,1833;40329,57806;42509,56737;44170,18545;47213,43;35620,05133;45958,63253;47255,49297;66353,73469
R92;Wiener Alpen in Niederösterreich;580,7885059;1038,886;795,6339104;514,4278142;635,2856523;1126,374695;1107,592623;1309,248676;1060,101881;819,7849182;792,3910723;402,3644251;714,9074953
R93;Wienerwald;1054,972114;1492,994359;1636,2075;1714,474495;2002,426724;1774,320563;1539,688721;1440,313098;1696,416095;1497,656019;1655,8746;1473,574331;1905,491743
R94;Wilder Kaiser;4677,43965;3023,36688;3940,101038;5872,644506;1306,298326;4283,68813;5138,009124;4806,97417;4307,975406;2704,367941;4003,009473;752,7396896;2675,38534
R95;Wildschönau;1940,347322;2197,379863;2602,638213;2089,953204;415,4226331;1124,688081;1529,220712;1947,944936;1614,285473;915,115672;538,5228554;127,5758684;870,132695
R96;Wipptal;471,0573725;536,7120081;706,399946;591,8432691;331,8747811;408,9423498;491,469352;736,6068008;691,6693322;424,2627477;473,5869349;275,1581723;308,3998634
R97;Wolfgangsee;1148,142496;357,539517;448,4746646;281,9758626;504,0404907;640,9108454;870,3292796;568,9983782;407,656382;489,7200322;626,9311504;404,3671329;536,0711302
R98;Wörthersee;5448,587417;326,1621071;371,6474352;532,1860925;1468,645198;3217,213324;2603,615433;2167,26919;2675,801496;1290,704893;874,9446139;654,8859254;835,3930864
R99;Zell am See - Kaprun;5295,160566;6127,24608;7447,249171;6083,335277;4344,082762;3439,021534;6073,472778;8784,800109;10549,19692;4882,327499;3827,498765;1741,619832;4927,829095
R100;Zell-Gerlos;3812,066491;3547,79573;3081,341051;2889,015051;2133,67048;1108,516579;1956,132891;3208,839027;3153,491087;1467,050708;1226,191956;427,1734721;2416,710078
R101;Zentralraum Oberösterreich;232,7132884;431,5488968;619,7843994;459,7640335;345,640902;480,440259;817,9609567;915,4257019;738,1738253;608,6997359;416,3626318;445,7905954;404,8770107
